,x,Scipy,Wolfram_appro,Euler,modEuler,RK4,Err_Wolfram,Err_Euler,Err_modEuler,Err_RK4
0,0.0,1.0,1.0,1.0,1.0,1.0,0.0,0.0,0.0,0.0
1,0.05025125628140704,1.0508782274614141,1.0508783360553573,1.050251256281407,1.102427201878757,1.102464996263121,1.0859394317108695e-05,0.06269711800070965,5.154897441734296,5.158676880170687
2,0.10050251256281408,1.102992169384212,1.1029924149435881,1.101736628976871,1.2097975612559924,1.2098436853993368,2.455593761663266e-05,0.12555404073408827,10.68053918717804,10.685151601512487
3,0.15075376884422112,1.1563127028533882,1.1563130866061937,1.154428927985329,1.3220456524910735,1.3220668901887462,3.837528055328221e-05,0.18837748680591293,16.573294963768536,16.575418733535805
4,0.20100502512562815,1.2108082382307597,1.210808746572013,1.2082984988696683,1.4390961734583743,1.4390556374302,5.0834125331356006e-05,0.25097393610913343,22.82879352276146,22.824739919944026
5,0.2512562814070352,1.2664447721556706,1.2664453964834004,1.263313276349182,1.5608641107415162,1.56072133762051,6.243277297368621e-05,0.3131495806488749,29.441933858584555,29.427656546483938
6,0.30150753768844224,1.3231859512183302,1.3231867131291029,1.3194388463757805,1.6872549389482814,1.6869659985093466,7.619107726952734e-05,0.3747104842549698,36.40689877299512,36.37800472910164
7,0.35175879396984927,1.3809932220290526,1.3809941257276304,1.3766385165759454,1.818164853349929,1.8176824716208604,9.036985777477469e-05,0.43547054531072327,43.71716313208764,43.66892495918078
8,0.4020100502512563,1.4398258533581387,1.4398269011621279,1.4348733947966452,1.953481034868669,1.9527547306640471,0.00010478039891292923,0.4952458561493511,51.36551815105304,51.29288773059084
9,0.45226130653266333,1.4996410491510899,1.4996422368266942,1.4941024754511754,2.0930819462655523,2.0920581805916374,0.00011876756043083248,0.5538573699914506,59.344089711446244,59.241713144054756
10,0.5025125628140704,1.5603940271071695,1.5603953607050975,1.5542827333204217,2.23683765821847,2.2354599959129775,0.00013335979280881816,0.6111293786747796,67.64436311113005,67.5065968805808
11,0.5527638190954774,1.6220381369128827,1.6220396382661082,1.6153692244266569,2.3846102038269725,2.3828194867210177,0.0001501353225519253,0.6668912486225809,76.25720669140898,76.0781349808135
12,0.6030150753768845,1.6845250183476281,1.6845266857255188,1.6773151935609256,2.5362539599378855,2.5339884907580923,0.00016673778906461934,0.7209824786702512,85.17289415902573,84.94634724104641
13,0.6532663316582915,1.7478046592013277,1.747806489193529,1.7400721880115975,2.6916160535539584,2.6888117897205808,0.00018299922013298442,0.7732471189730195,94.38113943526307,94.10071305192531
14,0.7035175879396985,1.8118255336269784,1.8118275291977635,1.8035901770109923,2.850536791467689,2.8471275478895453,0.0001995570785062739,0.8235356615986067,103.87112578407107,103.53020142625668
15,0.7537688442211056,1.876534748279358,1.8765369100469476,1.8678176763893035,3.01285011115468,3.008767771073736,0.00021617675896035138,0.871707189005444,113.6315362875322,113.22330227943782
16,0.8040201005025126,1.9418781617093164,1.9418804934783274,1.9327018779005392,3.1783840508659518,3.17355878376357,0.0002331769010988083,0.9176283808777219,123.65058891566353,123.16806220542536
17,0.8542713567839196,2.0078005333692066,2.007803036013424,1.9981887826640192,3.3469612367770547,3.341321722320247,0.0002502644217194927,0.9611750705187383,133.9160703407848,133.35211889510404
18,0.9045226130653267,2.0742456531891555,2.0742483294317666,2.064223338147223,3.5183993849839488,3.5118730419635034,0.00026762426110771287,1.002231504193274,144.41537317947933,143.76273887743477
19,0.9547738693467337,2.1411564930097646,2.1411593437608847,2.130749578101578,3.692511816081786,3.6850250352748173,0.00028507511200537294,1.0406914908186682,155.1355323072021,154.38685422650528
20,1.0050251256281408,2.2084753473856584,2.2084783721731758,2.1977107648521783,3.869107980023059,3.8605863599003807,0.00030247875173472494,1.0764582533480116,166.06326326374003,165.21110125147223
21,1.0552763819095479,2.2761439801081407,2.276147177176192,2.2650495333354552,4.047993988926198,4.038362573119819,0.0003197068051186136,1.1094446772685451,177.1850008818057,176.22185930116788
22,1.105527638190955,2.344103763373869,2.3441071374825597,2.3327080362755033,4.228973155494532,4.218156670942448,0.00033741086906680096,1.1395727098365782,188.48693921206626,187.40529075685788
23,1.155778894472362,2.4122958431952437,2.4122993949489344,2.4006280898900774,4.411846534708469,4.399769629402565,0.0003551753690711479,1.166775330516634,199.95506915132256,198.7473786207321
24,1.206030150753769,2.480661271195536,2.4806650009801623,2.4687513195211572,4.596413466470507,4.583000945748677,0.00037297846264827683,1.1909951674378583,211.5752195274971,210.23396745531412
25,1.256281407035176,2.5491411523301646,2.5491450618050346,2.5370193045923695,4.782472116912971,4.767649177258156,0.00039094748700563287,1.2121847737795122,223.33309645828066,221.85080249279915
26,1.306532663316583,2.617676791765274,2.6176808820435093,2.605373722306346,4.969820016121686,4.95351247545824,0.0004090278235224787,1.2303069458928118,235.21432243564115,233.58356836929656
27,1.35678391959799,2.6862098370277434,2.6862141060019917,2.6737564895091714,5.15825459008461,5.140389113595858,0.0004268974248322621,1.2453347518571967,247.20447530568666,245.41792765681146
28,1.407035175879397,2.7546824050526317,2.754686856152925,2.7421099021662596,5.347573684742205,5.328078005271907,0.0004451100293234589,1.2572502886372128,259.2891279689573,257.3395600219275
29,1.4572864321608041,2.8230372379151514,2.8230418682774747,2.8103767719141657,5.537576080095194,5.516379212239503,0.0004630362323343462,1.2660466000985693,271.45388421800425,269.3341974324352
30,1.5075376884422111,2.8912178131245327,2.8912226227751967,2.878500559175758,5.7280619924147205,5.705094439459679,0.0004809650663961662,1.2717253948774765,283.68441792901876,281.38766263351465
31,1.5577889447236182,2.959168479934692,2.9591734716721,2.9464255023516612,5.918833562698808,5.8940275156110555,0.0004991737407866736,1.274297758303078,295.96650827641156,293.48590356763634
32,1.6080402010050252,3.0268345950577373,3.026839760888183,3.01409674262871,6.109695329626656,6.0829848573613186,0.0005165830445630348,1.2737852429027363,308.28607345689187,305.6150262303581
33,1.6582914572864322,3.0941626012864054,3.0941679473571155,3.081460443976086,6.300454685377654,6.271775915826921,0.0005346070710121609,1.2702157310319429,320.6292084091249,317.7613314540515
34,1.7085427135678393,3.161100190866199,3.161105710623977,3.1484639079315944,6.490922312804182,6.4602136037723135,0.0005519757777960876,1.2636282934604726,332.98221219379826,329.91134129061146
35,1.7587939698492463,3.2275963658349043,3.227602058581611,3.2150556828139414,6.680912602575212,6.648114702230199,0.0005692746706920104,1.2540683020962895,345.33162367403077,342.0518336395295
36,1.8090452261306533,3.2936015580709315,3.2936074270419518,3.281185667031606,6.870244049040498,6.8353002453587735,0.0005868971020284164,1.2415891039325277,357.66424909695667,354.1698687287842
37,1.8592964824120604,3.3590677400999556,3.3590737728753064,3.346805206194721,7.058739623701625,7.021595882489654,0.0006032775350828246,1.2262533905234463,369.9671883601669,366.25281423896985
38,1.9095477386934674,3.4239484559116278,3.4239546604878695,3.411867183773019,7.246227125315459,7.206832216460173,0.0006204576241675142,1.2081272138608767,382.2278669403831,378.2883760548545
39,1.9597989949748744,3.488198973952173,3.488205341445321,3.47632610508008,7.432539505796541,7.390845117464943,0.0006367493148307091,1.1872868872092823,394.43405318443683,390.26461435127703
40,2.0100502512562817,3.5517762994648905,3.5517828270880667,3.5401381744016045,7.617515171226661,7.573476011803108,0.000652762317621125,1.1638125063285987,406.5738871761771,402.16997123382174
41,2.0603015075376887,3.614639262729635,3.614645954021196,3.60326136512294,7.800998257421381,7.75457214503848,0.0006691291561278234,1.137789760669472,418.6358994691746,413.99328823088456
42,2.1105527638190957,3.6767486030990613,3.6767554423993696,3.665655482748403,7.982838879643589,7.933986819229009,0.0006839300308314478,1.1093120350658126,430.6090276544528,425.72382161299475
43,2.1608040201005028,3.738066953390555,3.7380739469633166,3.7272822207417806,8.162893356192479,8.111579604018752,0.0006993572761793132,1.078473264877422,442.48264028019236,437.3512650628197
44,2.21105527638191,3.7985589585452235,3.7985661008202656,3.788105209153574,8.341024405731675,8.287216521518978,0.000714227504206022,1.045374939164967,454.24654471864517,448.86575629737547
45,2.261306532663317,3.8581912831978515,3.8581985519952253,3.8480900560358253,8.51710131835198,8.460770205034441,0.0007268797373782832,1.0101227162026216,465.8910035154128,460.25789218365895
46,2.311557788944724,3.916932615611201,3.916939992813333,3.907204381679557,8.691000100491372,8.632120031815488,0.0007377202131841898,0.9728233931644237,477.4067484880171,471.5187416204286
47,2.361809045226131,3.9747536975862157,3.9747611822054236,3.965417845742745,8.862603593957093,8.801152230135884,0.0007484619207964727,0.9335851843470522,488.78498963708773,482.63985325496674
48,2.412060301507538,4.031627359423682,4.03163496105929,4.02270216736822,9.031801569410971,8.967759961109463,0.0007601635608089907,0.8925192055461828,500.01742099872894,493.6132601685781
49,2.462311557788945,4.087528551428904,4.087536260767764,4.079031138420724,9.19849079478933,9.131843375765435,0.0007709338859740456,0.8497413008179855,511.09622433604267,504.43148243365306
50,2.512562814070352,4.142434289624536,4.142442105151435,4.134380630000461,9.362575079232101,9.293309648001925,0.0007815526899435099,0.8053659624074783,522.0140789607566,515.0875358377389
51,2.562814070351759,4.196323683848972,4.1963316059588,4.188728592416749,9.523965293192001,9.4520729841298,0.0007922109828584212,0.7595091432222922,532.7641609343029,525.5749300280828
52,2.613065326633166,4.249177929149736,4.249185952169328,4.242055048829658,9.682579365483315,9.608054609803586,0.0008023019591796299,0.7122880320078018,543.3401436333579,535.887668065385
53,2.663316582914573,4.300980272519218,4.300988393345732,4.294342082789791,9.838342258110707,9.761182735213296,0.0008120826514357304,0.6638189729426536,553.7361985591489,546.0202462694078
54,2.71356783919598,4.3517160027025765,4.351724217300282,4.345573819926521,9.991185919791434,9.911392499479833,0.0008214597705169524,0.6142182776055272,563.9469917088858,555.9676496777256
55,2.763819095477387,4.401372419846183,4.401380722356441,4.395736404053021,10.14104921914919,10.058625895257464,0.0008302510257962581,0.5636015793162308,573.9676799303007,565.725347541128
56,2.814070351758794,4.449938796533413,4.449947184501309,4.444817967972263,10.287877858614435,10.202831674599485,0.0008387967896261728,0.5120828561150148,583.7939062081022,575.2892878066073
57,2.864321608040201,4.497406350736909,4.497414819736438,4.492808599281831,10.431624270114572,10.343965237187652,0.0008468999529220866,0.4597751455077237,593.4217919377663,584.6558886450742
58,2.9145728643216082,4.543768197800102,4.543776741944444,4.539700301486888,10.57224749367774,10.481988502062421,0.0008544144342259585,0.40678963132139145,602.8479295877638,593.822030426232
59,2.9648241206030153,4.589019298936296,4.58902791659665,4.585486950739953,10.709713040106308,10.616869764019587,0.0008617660354204304,0.35323481963427383,612.0693741170013,602.7850465083291
60,3.0150753768844223,4.633156424314676,4.6331651106326,4.630164248533411,10.84399273890079,10.748583535859675,0.0008686317923611853,0.2992175781264983,621.0836314586113,611.5427111544999
61,3.0653266331658293,4.676178089489004,4.676186838846025,4.673729670675778,10.975064572631743,10.877110377689844,0.0008749357021109461,0.24484188132261053,629.8886483142738,620.093228820084
62,3.1155778894472363,4.7180844959951465,4.718093307113488,4.716182412885933,11.102912498966905,11.002436714484148,0.0008811118341611746,0.19020831092131374,638.4828002971758,628.4352218489001
63,3.1658291457286434,4.758877487767227,4.758886352801787,4.757523333340745,11.227526261563254,11.124554643107324,0.0008865034560656682,0.13541544264814576,646.8648773796027,636.5677155340097
64,3.2160804020100504,4.798560472540487,4.798569382688289,4.797754892510866,11.34890119102959,11.243461729999977,0.000891014780179944,0.08055800296205007,655.0340718489103,644.490125745949
65,3.2663316582914574,4.837138355310148,4.837147308724706,4.836881090617131,11.467037997154659,11.359160800709672,0.0008953414558199313,0.025726469301723398,662.9899641844511,652.2022445399524
66,3.3165829145728645,4.874617478839281,4.8746264819696545,4.874907403035922,11.58194255357941,11.471659722433271,0.0009003130373663737,0.028992419664142233,670.7325074740129,659.7042243593991
67,3.3668341708542715,4.911005571826779,4.911014625008681,4.911840713976329,11.69362567606995,11.580971180711451,0.0009053181901919061,0.0835142149550272,678.262010424317,666.9965608884672
68,3.4170854271356785,4.946311660563847,4.946320763172455,4.947689248744864,11.802102895520672,11.68711245138697,0.0009102608608202445,0.13775881810174084,685.5791234956826,674.0800790823123
69,3.4673366834170856,4.980546008947875,4.980555154854577,4.982462504905231,11.907394226785286,11.790105168904537,0.0009145906702201501,0.19164959573565454,692.6848217837411,680.9559159956663
70,3.5175879396984926,5.013720036835189,5.01372922122013,5.01617118263107,12.009523934397475,11.889975091992385,0.000918438494057483,0.24511457958809046,699.5803897562286,687.6255055157196
71,3.5678391959798996,5.045846252167615,5.045855475584803,5.048827114539022,12.108520296203274,11.986751867724433,0.0009223417188231053,0.2980862371407156,706.2674044035659,694.0905615556818
72,3.6180904522613067,5.076938191757234,5.076947452732202,5.08044319527791,12.204415365884186,12.080468794917609,0.0009260974967340019,0.35050035206758423,712.7477174126952,700.3530603160375
73,3.6683417085427137,5.107010347514753,5.107019638424062,5.1110333111374295,12.29724473530429,12.171162587771997,0.0009290909309456197,0.4022963622676734,719.0234387789536,706.4152240257245
74,3.7185929648241207,5.136078081540068,5.136087399344542,5.140612269926656,12.38704729756632,12.25887314061239,0.0009317804473774061,0.4534188386587701,725.0969216026252,712.2795059072322
75,3.7688442211055277,5.164157569999331,5.164166913705694,5.169195731358991,12.473865011611581,12.343643294538996,0.0009343706363296178,0.503816135966062,730.9707441612251,717.9485724539666
76,3.819095477386935,5.19126573568792,5.1912751027267845,5.196800138165994,12.557742669146766,12.42551860674288,0.0009367038864560584,0.5534402478073908,736.6476933458846,723.4252871054961
77,3.869346733668342,5.217420177413394,5.217429563185407,5.223442648148007,12.638727664628025,12.504547123188669,0.0009385772012926452,0.6022470734612817,742.1307487214631,728.7126945775275
78,3.919597989949749,5.24263909800569,5.242648501223394,5.2491410673547145,12.716869768978947,12.580779155313337,0.0009403217704040401,0.650196934902425,747.4230670973257,733.8140057307646
79,3.969849246231156,5.266941248106406,5.266950667575556,5.273913784573808,12.792220907665266,12.654267061336137,0.0009419469150451221,0.6972536467402257,752.527965955886,738.7325813229731
80,4.020100502512563,5.290345861510855,5.2903552943742636,5.297779707290932,12.864834943695085,12.72506503272095,0.000943286340859828,0.7433845780076886,757.448908218423,743.4719171210095
81,4.07035175879397,5.312872589988879,5.3128820336680285,5.320758199269118,12.93476746605979,12.793228886279175,0.000944367914978983,0.7885609280239514,762.1894876070912,748.0356296290297
82,4.120603015075377,5.334541443821835,5.3345508977774845,5.342869019881072,13.002075584077772,12.858815862348687,0.000945395564944107,0.8327576059237174,766.7534140255938,752.4274418526852
83,4.170854271356784,5.355372738444825,5.355382201597729,5.3641322653130015,13.06681772805088,12.921884429432964,0.0009463152903954608,0.875952686817616,771.1444989606055,756.6511690988139
84,4.2211055276381915,5.375387037794656,5.375396506941822,5.384568311744316,13.129053456592542,12.982494095634214,0.0009469147165930281,0.9181273949660174,775.3666418797886,760.7107057839559
85,4.2713567839195985,5.3946050951210545,5.3946145690064835,5.404197760593478,13.188843270936786,13.040705227165502,0.0009473885429045481,0.9592665472423434,779.4238175815732,764.6100132044447
86,4.3216080402010055,5.413047806605912,5.413057285027696,5.423041385906626,13.246248436489298,13.096578874179793,0.0009478421784336888,0.999357930071465,783.3200629883386,768.3531067573881
87,4.371859296482413,5.430736163511638,5.430745645181048,5.441120083952419,13.301330811835294,13.150176604108482,0.0009481669410504878,1.0383920440781402,787.0594648323656,771.9440440596845
88,4.42211055276382,5.447691203792964,5.447700685769351,5.458454825073814,13.354152685374507,13.201560342658578,0.0009481976387171187,1.0763621280850622,790.6461481581542,775.3869138865614
89,4.472361809045227,5.463933962674631,5.463943444728287,5.475066607835356,13.40477661971113,13.250792222576449,0.0009482053656029166,1.1132645160725652,794.08426570365,778.6858259901818
90,4.522613065326634,5.4794854374433895,5.479494919469632,5.4909764154929395,13.453265303886283,13.297934440246895,0.0009482026242402242,1.1490978049550016,797.3779866442894,781.8449002803505
91,4.572864321608041,5.494366546802543,5.494376027071088,5.506205174802009,13.499681413502396,13.343049120159417,0.0009480268545303261,1.1838627999465778,800.5314866699852,784.8682573356874
92,4.623115577889448,5.50859808619159,5.508607566811743,5.520773717169783,13.544087478753147,13.386198187238962,0.000948062015293516,1.2175630978193297,803.5489392561557,787.7600101047373
93,4.673366834170855,5.522200694833782,5.522210185042931,5.534702742147339,13.586545760339057,13.427443247006178,0.0009490209148310669,1.2502047313557085,806.4345065505275,790.5242552172396
94,4.723618090452262,5.535194832133726,5.535204342375591,5.548012783248281,13.627118133217673,13.466845473502266,0.0009510241865129387,1.2817951114555193,809.1923301083947,793.165064136854
95,4.773869346733669,5.547600744692671,5.5476102831572085,5.560724176072279,13.665865978108512,13.504465504885992,0.000953846453732865,1.3123431379607808,811.8265233415841,795.6864760193321
96,4.824120603015076,5.559438440451573,5.559448007204083,5.572857028703956,13.702850080646444,13.540363346585144,0.0009566752510181686,1.3418588252382513,814.341164019487,798.0924906133571
97,4.874371859296483,5.570727665750048,5.570737243747944,5.58443119435045,13.738130538053095,13.574598281861816,0.0009577997896137447,1.3703528600402137,816.7402872303047,800.3870616111769
98,4.92462311557789,5.581487863009172,5.581497427549884,5.59546624617448,13.771766673173989,13.60722878963021,0.0009564540712325709,1.3978383165308195,819.0278810164816,802.5740926621037
99,4.974874371859297,5.591738140085473,5.591747677129078,5.60598145427385,13.803816955709564,13.638312469347198,0.0009537043604623818,1.4243314188377099,821.207881562409,804.6574329261725
100,5.025125628140704,5.6014972781380585,5.601506775048966,5.615995764753101,13.834338930450789,13.667905972779565,0.00094969109074583,1.449848661504216,823.284165231273,806.6408694641506
101,5.075376884422111,5.610783697593256,5.610793150199253,5.625527780828332,13.86338915231477,13.696064942437571,0.0009452605997495311,1.4744083235076033,825.2605454721514,808.5281244844316
102,5.125628140703518,5.619615437825252,5.619624862008461,5.634595745902177,13.891023127962551,13.72284395645231,0.0009424183208928127,1.4980308076925297,827.1407690137298,810.3228518627059
103,5.175879396984925,5.6280101693928195,5.628019586518544,5.643217528542399,13.917295263769915,13.748296479663878,0.0009417125724553443,1.5207359149579602,828.9285094377096,812.0286310271059
104,5.226130653266332,5.635985189501274,5.635994604250539,5.651410609294593,13.942258819912656,13.772474820678955,0.0009414749264635702,1.5425419793318795,830.6273630411383,813.6489631177682
105,5.276381909547739,5.643557373623108,5.643566789788018,5.659192069257068,13.96596587032006,13.795430094649541,0.0009416164910014402,1.5634695633959694,832.2408496696951,815.1872721026432
106,5.326633165829146,5.6507431848765375,5.650752603003531,5.666578580344,13.988467268244431,13.817212191519438,0.0009418126993843146,1.5835395467462376,833.7724083367893,816.6469006642901
107,5.376884422110553,5.657558667622024,5.657568081851958,5.673586397161461,14.009812617190034,13.837869749481433,0.0009414229933391027,1.6027729539437097,835.225394956801,818.0311081859408
108,5.42713567839196,5.664019435570862,5.664028836653957,5.680231350419876,14.030050246942002,13.857450133385937,0.0009401083095106344,1.621191484901452,836.6030811371139,819.3430697815074
109,5.477386934673367,5.670140665710326,5.670150045792251,5.686528841805817,14.049227194434156,13.875999417840935,0.0009380081925414174,1.6388176095491147,837.908652872383,820.585875213061
110,5.527638190954774,5.6759371012065705,5.675946452743513,5.6924938402357865,14.067389189194515,13.893562374743475,0.0009351536942148186,1.655673902921606,839.1452087987943,821.7625273536903
111,5.577889447236181,5.681423043914855,5.681432364368838,5.698140879414731,14.084580643108161,13.910182464984384,0.0009320453982830657,1.6717835499875378,840.3157599193307,822.875942106953
112,5.628140703517588,5.686612350657064,5.6866216503865035,5.703484056622449,14.10084464423919,13.925901834070434,0.0009299729439860016,1.6871705965385786,841.4232293582128,823.9289483413369
113,5.678391959798995,5.691518453143464,5.691527743951509,5.708537032651782,14.11622295445647,13.940761311411604,0.0009290808044681853,1.7018579508317977,842.4704501313006,824.924285826814
114,5.728643216080402,5.696154360057478,5.696163643267617,5.713313032823471,14.130756010611854,13.95480041302543,0.0009283210139265918,1.7158672765993366,843.4601650554378,825.864605296795
115,5.778894472361809,5.700532637331437,5.700541914158963,5.717824849003817,14.144482929024205,13.968057347415408,0.0009276827525717124,1.7292211672379487,844.3950291692769,826.7524710083972
116,5.8291457286432165,5.70466542266481,5.704674693529877,5.722084842552731,14.157441513028001,13.980569024386249,0.0009270865066746126,1.7419419887921173,845.2776090363191,827.5903601721438
117,5.8793969849246235,5.7085644301596465,5.708573693643376,5.726104948131453,14.169668263351362,13.992371066564965,0.000926348372942698,1.7540517971806224,846.1103833191714,828.380663640532
118,5.9296482412060305,5.712240952939352,5.712250207150673,5.729896678301021,14.181198391094943,14.00349782340372,0.0009254211320808281,1.7655725361668928,846.8957438155592,829.1256870464368
119,5.9798994974874375,5.715705868912337,5.715715112806135,5.733471128844617,14.192065833090213,14.0139823874475,0.000924389379886037,1.7765259932280841,847.6359964177877,829.8276518535165
120,6.030150753768845,5.718969649252265,5.718978881804331,5.736838984748993,14.202303269423094,14.023856612657392,0.0009232552065974176,1.7869335496728311,848.3333620170829,830.4886963405128
121,6.080402010050252,5.7220423636832,5.72205158467804,5.740010526782435,14.211942142916795,14.033151134588072,0.000922099483968708,1.7968163099235213,848.9899779233597,831.1108770904873
122,6.130653266331659,5.724933687297966,5.724942898698529,5.742995638609068,14.221012680375681,14.041895392226328,0.0009211400563202687,1.806195131110222,849.6078993077715,831.6961704928362
123,6.180904522613066,5.7276529121937125,5.727662115721778,5.7458038143816585,14.22954391540034,14.0501176513057,0.0009203528065881983,1.8150902187946016,850.1891003206626,832.2464739111986
124,6.231155778894473,5.73020895495857,5.730218150426832,5.748444166757578,14.237563712592424,14.057845028920806,0.0009195468261502526,1.8235211799007445,850.7354757633854,832.7636073962235
125,6.28140703517588,5.73261036166924,5.7326195488949505,5.750925435285051,14.24509879297634,14.06510351927343,0.0009187225710860503,1.8315073615811528,851.2488431307099,833.249315760419
126,6.331658291457287,5.734865318408303,5.734874497480788,5.753255995109354,14.252174760473473,14.071918020390948,0.0009179072484322148,1.8390676701050879,851.7309442065169,833.7052701982644
127,6.381909547738694,5.736981660179713,5.736990831929291,5.7554438659511415,14.258816129273166,14.078312361666256,0.0009171749578484878,1.8462205771428764,852.1834469093452,834.1330701486545
128,6.432160804020101,5.7389668815981745,5.738976046694606,5.757496721311647,14.265046351953226,14.084309332076776,0.0009165096431118513,1.8529839713472107,852.607947035505,834.53424504786
129,6.482412060301508,5.7408281459694,5.740837304419706,5.759421897861991,14.270887848211197,14.089930708948522,0.0009158450306578914,1.8593751892590937,853.0059702241797,834.9102562979123
130,6.532663316582915,5.742572293722773,5.74258144553802,5.761226404976345,14.276362034076,14.095197287139461,0.0009151815246966066,1.8654111253571415,853.3789740353226,835.2624993416688
131,6.582914572864322,5.744205852620312,5.7442149979606585,5.762916934371167,14.281489351477733,14.100128908524516,0.0009145340346350395,1.8711081750854675,853.728349885742,835.5923055904203
132,6.633165829145729,5.745735047393449,5.745744186815363,5.764499869815148,14.286289298061547,14.10474449167248,0.0009139421914383661,1.8764822421698746,854.0554250668098,835.9009444279031
133,6.683417085427136,5.747165810236219,5.7471749442055255,5.765981296876889,14.290780457139316,14.109062061612889,0.0009133969306240886,1.881548664067001,854.3614646903098,836.189625137667
134,6.733668341708543,5.748503790292035,5.748512918959991,5.767367012679657,14.294980527680556,14.113098779598378,0.0009128667955771164,1.8863222387621725,854.6476737388521,836.4594989306344
135,6.78391959798995,5.749754362826326,5.749763486346524,5.768662535634815,14.298906354251454,14.116870972775416,0.000912352019799556,1.8908172808488999,854.9151991425127,836.7116609949089
136,6.834170854271357,5.7509226391543535,5.750931757724032,5.76987311512776,14.302573956818117,14.120394163683308,0.0009118569678889799,1.895047597340671,855.1651317663764,836.9471524528955
137,6.884422110552764,5.752013476186616,5.752022590110638,5.771003741132279,14.305998560337086,14.123683099508192,0.0009113924021697528,1.8990264945663249,855.3985084150469,837.1669623321576
138,6.934673366834171,5.7530314860670035,5.753040595646783,5.772059153731331,14.309194624062895,14.12675178102533,0.0009109579779398302,1.902766766432773,855.6163137995892,837.3720294958326
139,6.984924623115578,5.7539810454475395,5.753990150934428,5.773043852524227,14.312175870508883,14.129613491169222,0.0009105486888039138,1.9062807076687172,855.8194825061342,837.5632445721682
140,7.035175879396985,5.75486630459234,5.754875406235279,5.773962105902079,14.314955314003619,14.132280823177089,0.000910164293976834,1.9095801309739535,856.0089009411279,837.741451858475
141,7.085427135678392,5.755691196507708,5.755700294512737,5.774817960175224,14.317545288791253,14.134765708257046,0.0009098005028462808,1.9126763667515867,856.1854092283545,837.9074511749337
142,7.135678391959799,5.7564594458399165,5.756468540303953,5.775615248538043,14.319957476629634,14.137079442737667,0.0009094464036074612,1.9155802698126223,856.3498030789717,838.0619996897749
143,7.185929648241206,5.757174576901026,5.7571836684100015,5.776357599858282,14.322202933845464,14.139232714660874,0.0009091508975878071,1.918302295725649,856.5028356944438,838.2058137759849
144,7.236180904522613,5.757839922734437,5.757849012393683,5.777048447279542,14.324292117810748,14.141235629784958,0.0009089659245731241,1.9208524545105021,856.645219507631,838.3395707050521
145,7.28643216080402,5.758458633769859,5.758467722875901,5.7776910366270915,14.326234912809612,14.143097736969153,0.0009089106042026174,1.92324028572326,856.7776279039754,838.4639103199295
146,7.336683417085427,5.759033685736868,5.759042775622977,5.778288434608584,14.328040655269074,14.144828052915573,0.0009089886109592271,1.9254748871715854,856.9006969532207,838.5794367178704
147,7.386934673366834,5.75956788766693,5.75957697941848,5.7788435368025715,14.32971815833158,14.146435086248369,0.0009091751549838989,1.9275649135641615,857.0150270664651,838.6867198581438
148,7.437185929648241,5.760063889723276,5.760072983714393,5.779359075428981,14.331275735751097,14.147926860913834,0.0009093991116593259,1.9295185705704654,857.1211846027823,838.7862971190557
149,7.4874371859296485,5.7605241908652545,5.760533286057559,5.779837626896859,14.332721225098274,14.149310938888709,0.0009095192304187094,1.9313436031604958,857.2197034233019,838.8786748023455
150,7.5376884422110555,5.760951145573859,5.7609602392883845,5.78028161912582,14.334062010263649,14.150594442187318,0.0009093714525398866,1.933047355196127,857.3110864689789,838.9643296613459
151,7.5879396984924625,5.761346965051545,5.7613560585097705,5.780693338638614,14.335305043251097,14.151784074161212,0.000909345822552865,1.9346373587069365,857.3958078199553,839.0437109109665
152,7.63819095477387,5.761713731854815,5.761722827825141,5.78107493742322,14.33645686525668,14.152886140087865,0.0009095970325390113,1.9361205568404927,857.4743133401865,839.117240823305
153,7.688442211055277,5.762053405279125,5.762062506845264,5.781428439563705,14.337523627030855,14.153906567047601,0.0009101566138980388,1.9375034284579762,857.547022175173,839.1853161768477
154,7.738693467336684,5.762367826901985,5.762376936964362,5.78175574763992,14.338511108524463,14.154850923090324,0.0009110062376471717,1.9387920737934827,857.6143281622478,839.2483096188339
155,7.788944723618091,5.7626587269491605,5.762667847406663,5.782058648896844,14.339424737821302,14.155724435695845,0.0009120457502120871,1.9399921947683474,857.6766010872142,839.3065708746684
156,7.839195979899498,5.762927730530292,5.76293686104522,5.78233882118504,14.340269609362153,14.156532009533587,0.0009130514928124001,1.9411090654748442,857.7341878831861,839.3604279003295
157,7.889447236180905,5.763176363763478,5.763185499995421,5.782597838674346,14.34105050146706,14.157278243529285,0.0009136231943429607,1.942147491086832,857.7874137703583,839.4101879765808
158,7.939698492462312,5.763406055158532,5.763415190986087,5.782837177343434,14.341771893164408,14.157967447247902,0.0009135827554906939,1.9431122184902172,857.8365838005876,839.456139208937
159,7.989949748743719,5.763618132733242,5.763627270511576,5.783058220248402,14.342437980336863,14.158603656603457,0.0009137778334000757,1.944008751515991,857.881984760362,839.4985523870215
160,8.040201005025127,5.763813846543402,5.763822989768716,5.78326226257401,14.343052691195656,14.159190648907774,0.0009143225313756886,1.9448416030607873,857.9238844652252,839.5376802364372
161,8.090452261306533,5.763994367003326,5.764003519382737,5.783450516471543,14.34361970109589,14.15973195727126,0.0009152379410792832,1.9456149468217276,857.9625334092564,839.5737590267935
162,8.14070351758794,5.764160789187375,5.764169953926738,5.783624115687676,14.344142446706627,14.16023088436986,0.000916473936296569,1.9463326500300582,857.9981657519252,839.6070095182484
163,8.190954773869347,5.7643141375517395,5.764323316239487,5.78378411998898,14.344624139550458,14.160690515593165,0.0009178687747635195,1.9469982437240851,858.0310001998719,839.6376378041426
164,8.241206030150755,5.76445537057229,5.764464561546557,5.7839315193869965,14.345067778928016,14.161113731589397,0.0009190974266992669,1.9476148814706384,858.0612408355727,839.6658361017106
165,8.291457286432161,5.764585385321005,5.764594581390085,5.7840672381690155,14.345476164243616,14.161503220223587,0.0009196069080452673,1.948185284801074,858.0890778922612,839.6917834902581
166,8.341708542713569,5.764705011055749,5.764714207372519,5.784192138739892,14.34585190674871,14.161861487965773,0.000919631676943311,1.948712768414218,858.114689569296,839.7156476910023
167,8.391959798994975,5.764815015423506,5.76482421471991,5.784307025280361,14.34619744072032,14.162190870726437,0.0009199296404638346,1.9492009856855397,858.1382425296816,839.7375855302932
168,8.442211055276383,5.764916120204349,5.76492532567037,5.784412647227462,14.346515034091938,14.162493544156671,0.0009205466020567599,1.949652702311333,858.159891388759,839.7577423952322
169,8.492462311557789,5.765008997842132,5.765018212693419,5.784509702582735,14.346806798554638,14.162771533430805,0.0009214851286465375,1.9500704740602615,858.1797800712505,839.7762535588672
170,8.542713567839197,5.765094274792044,5.7651035015459655,5.784598841053935,14.347074699146319,14.163026722529317,0.0009226753921787179,1.950456626189112,858.1980424354274,839.7932447737272
171,8.592964824120603,5.7651725347963,5.765181774170691,5.784680667036039,14.347320563347047,14.16326086303992,0.0009239374390901389,1.9508132239738352,858.2148028550748,839.8088328243621
172,8.643216080402011,5.765244322107615,5.765253571442622,5.784755742437315,14.347546089698522,14.163475582494664,0.000924933500634495,1.9511420329699547,858.2301767590906,839.8231260387049
173,8.693467336683417,5.765310144002193,5.76531939576962,5.784824589356236,14.347752855965592,14.163672392260859,0.0009251767426832203,1.9514445354043453,858.2442711963399,839.8362248258666
174,8.743718592964825,5.765370460927671,5.765379713552521,5.784887692614967,14.347942326857652,14.16385269500341,0.0009252624850297764,1.9517231687295578,858.2571865929982,839.848223407574
175,8.793969849246231,5.765425701880511,5.765434957510552,5.784945502155107,14.348115861327594,14.164017791736041,0.000925563004106067,1.9519800274596655,858.2690159447083,839.859208985553
176,8.84422110552764,5.765476267833369,5.765485528877608,5.784998435301331,14.348274719465719,14.16416888847857,0.0009261044239039506,1.9522167467961538,858.279845163235,839.8692620645202
177,8.894472361809045,5.765522530724149,5.765531799474891,5.785046878898439,14.348420069005812,14.164307102537183,0.0009268750742030818,1.952434817428994,858.2897538281663,839.8784571813035
178,8.944723618090453,5.765564835640732,5.765574113665276,5.785091191327296,14.348552991460235,14.164433468424269,0.0009278024544201458,1.952635568656369,858.2988155819503,839.8868632783536
179,8.99497487437186,5.765603502956958,5.765612790194723,5.785131704404981,14.348674487900583,14.164548943434113,0.0009287237764610268,1.952820144802292,858.3070984943624,839.8945440477155
180,9.045226130653267,5.765638830434806,5.7656481239258515,5.785168725174394,14.348785484400072,14.164654412890288,0.0009293491045170299,1.952989473958766,858.3146653965265,839.9015582455481
181,9.095477386934673,5.765671093279523,5.765680387468762,5.785202537588417,14.348886837153437,14.164750695080228,0.0009294189238673312,1.9531444308894308,858.3215743873915,839.9079601800704
182,9.145728643216081,5.765700537582725,5.765709832713979,5.785233404093622,14.34897933728971,14.164838545892062,0.0009295131254027922,1.9532866510897584,858.3278799706985,839.9138008309336
183,9.195979899497488,5.7657273947747205,5.765736692272287,5.785261567118353,14.349063715392823,14.164918663168315,0.0009297497566507218,1.953417234363286,858.3336320618102,839.9191268393594
184,9.246231155778895,5.765751879432482,5.765761180826097,5.785287250469899,14.349140645744521,14.164991690790654,0.0009301393614435938,1.9535371037417093,858.3388766312039,839.9239811358171
185,9.296482412060302,5.76577418974888,5.765783496396806,5.785310660645312,14.349210750303639,14.165058222509415,0.0009306647926088374,1.9536470896431624,858.3436560554759,839.9284032760536
186,9.34673366834171,5.765794508874557,5.765803821532489,5.785331988060275,14.349274602435303,14.16511880553116,0.0009312657931914714,1.9537479185717466,858.3480093560745,839.9324296656602
187,9.396984924623116,5.7658130062250335,5.765822324420094,5.785351408200294,14.349332730403173,14.165173943877045,0.0009318195060892265,1.953840197526091,858.3519724178138,839.9360937652012
188,9.447236180904524,5.765829838762967,5.76583915992618,5.7853690826983115,14.349385620637362,14.16522410152434,0.0009321163212838712,1.9539243935344786,858.3555781874395,839.9394262761373
189,9.49748743718593,5.765845149300705,5.765854470570061,5.7853851603427,14.349433720790183,14.16526970534292,0.0009321269356377115,1.9540011041994987,858.3588571489479,839.9424556042217
190,9.547738693467338,5.76585906547273,5.765868387433093,5.785399778019456,14.349477442591413,14.165311147838144,0.0009321960362740356,1.9540712546725736,858.3618377118682,839.9452082365415
191,9.597989949748744,5.765871707584358,5.765881031007666,5.7854130615922355,14.349517164514298,14.165348789710986,0.0009323423308060796,1.9541354007877487,858.3645456929939,839.9477082126629
192,9.648241206030152,5.7658831863140065,5.765892511989341,5.785425126723742,14.349553234263034,14.165382962245921,0.0009325675334181938,1.9541940409735226,858.3670047949028,839.9499775931915
193,9.698492462311558,5.765893603447023,5.765902932015399,5.785436079641822,14.349585971092024,14.165413969536534,0.0009328568375543966,1.9542476194798653,858.3692367645,839.9520366089512
194,9.748743718592966,5.76590305264783,5.765912384352942,5.785446017853487,14.349615667966738,14.165442090558408,0.0009331705111748079,1.9542965205657126,858.3712615318909,839.9539037910579
195,9.798994974874372,5.76591162020544,5.765920954539538,5.785455030809918,14.349642593575577,14.165467581098413,0.0009334334097665931,1.9543410604478062,858.3730973370137,839.9555960892974
196,9.84924623115578,5.765919385725537,5.765928720979254,5.785463200525386,14.349666994201689,14.165490675549085,0.000933525371671351,1.954381479984857,858.3747608476152,839.9571289823548
197,9.899497487437186,5.765926420190852,5.76593575549682,5.785470602152878,14.34968909546325,14.165511588576342,0.0009335305967361762,1.9544181962025675,858.3762675272396,839.9585168385489
198,9.949748743718594,5.765932788236539,5.76594212385246,5.785477304519082,14.349709103930355,14.165530516668419,0.0009335615920313955,1.9544516282542723,858.3776315693815,839.9597728431878
199,10.0,5.765938550005366,5.7659478862199105,5.785483370621252,14.3497272086262,14.165547639573484,0.0009336214544575228,1.9544820615886138,858.3788658620834,839.9609089568119
